{
    "type": "origins:multiple",
    "aakapow":
    {"type": "origins:launch",
    "cooldown": 100,
    "hud_render": {
      "sprite_location": "origins:textures/gui/resource_bar.png",
      "bar_index": 4
    },
    "sound": "minecraft:entity.dragon_fireball.explode",
    "speed": 2,
    "key": {
      "key": "key.origins.primary_active",
      "continuous": true
    },
    "condition": {
        "type": "origins:resource",
        "resource": "pheonix:heat",
        "comparison": ">",
        "compare_to": 100
    }},
    "lose_heat":{
        "type":"origins:active_self",
        "entity_action": {
            "type":"origins:and",
            "actions":[
            {"type": "origins:change_resource",
            "resource": "pheonix:heat",
            "change": -100},
        {
            "type": "origins:execute_command",
            "command": "particle minecraft:flame ~ ~ ~ 0.5 0 0.5 0.1 500 force @s",
            "permission_level": 4
        }]
        },
        "cooldown":100,
        "hud_render":{
            "should_render":false
        },
        "condition":{
            "type": "origins:resource",
        "resource": "pheonix:heat",
        "comparison": ">",
        "compare_to": 100
        }
    },
    "name": "Heated launch",
    "description": "using the heat stored in your body, you can heat up your wings and talon like feet and legs to launch yourself up into the air!"
  }