{
    "type": "origins:multiple",
    "play_sound":{
        "type": "origins:active_self",
        "key": {
            "key": "key.origins.ternary_active"
        },
        "entity_action": {
            
                "type": "origins:if_else",
                "condition": {
                    "type": "origins:power_active",
                    "power": "pheonix:player_heat_aura_toggle"
                },
                "if_action":{
                    "type": "origins:play_sound",
                    "sound": "minecraft:block.candle.extinguish"
                },
                "else_action":{
                    "type": "origins:play_sound",
                    "sound": "minecraft:entity.ghast.shoot"
                }
        }
    },
    "icon": {
        "type":"origins:resource",
        "min":0,
        "max":7,
        "start_value":1,
        "hud_render": {
            "should_render": true,
            "sprite_location": "origins:textures/gui/community/spiderkolo/resource_bar_points_01.png",
            "bar_index":7,
            "condition": {
                "type": "origins:power_active",
                "power": "pheonix:player_heat_aura_toggle"
            }
        }
    },
    "toggle": {
        "type": "origins:toggle",
        "active_by_default": false,
        "key": {
            "key": "key.origins.ternary_active"
        }
    },
    "heat_up":{
        "type": "origins:action_over_time",
        "interval":8,
        "condition":{
            "type":"origins:and",
            "conditions":[{
                "type": "origins:power_active",
                "power": "pheonix:player_heat_aura_toggle"
            },
            {
                "type": "origins:resource",
                "resource": "pheonix:heat",
                "comparison": ">",
                "compare_to": 4
            }]
        },
        "entity_action":{
            "type": "origins:and",
            "actions":[{"type": "origins:area_of_effect",
            "radius": 5,
            "bientity_action": {
                "type": "origins:target_action",
                "action":{
                    "type": "origins:set_on_fire",
                    "duration": 5
                }
            }},
        {
            "type":"origins:change_resource",
            "resource": "pheonix:heat",
            "change": -4

        },
    {
        "type": "origins:execute_command",
            "command": "particle minecraft:flame ~ ~ ~ 2 0 2 0 1000 force @s",
            "permission_level": 4
    }]
        }
    },
    "name": "burning aura",
    "description": "by shedding excess heat around you, you can ignite nearby creatures"
}