{
	"powers": [
		"pheonix:nofire",
		"pheonix:water",
		"pheonix:coldlink",
		"pheonix:heatlink",
		"pheonix:heat",
		"pheonix:cold",
		"pheonix:afireball",
		"pheonix:hippityhoppity",
		"pheonix:aalaunch",
		"pheonix:falling_with_style",
		"pheonix:tempstats",
		"pheonix:lavasee",
		"pheonix:dontdie",
		"pheonix:firepunch",
		"pheonix:fromash",
		"pheonix:player_heat_aura",
		"pheonix:torch_temp_change",
		"pheonix:tiny_box_tim"
	],
	"icon": "minecraft:fire_charge",
	"order": 0,
	"impact": 3,
	"name": "Phoenix-born",
	"description": "After the discovery of a new nether species, the phoenix, scientists saw the shocking similarities between phoenix DNA and human DNA, and decided to experiment, creating you, a part phoenix part human hybrid."
}